Unlimited Edition, 2U
Arabian Nights, AN
Antiquities, AQ
Legends, LE
The Dark, DK
Fallen Empires, FE
Homelands, HM
Ice Age, IA
Alliances, AL
Coldsnap, CSP
Mirage, MI
Visions, VI
Portal, PO
Weatherlight, WL
Tempest, TE
Stronghold, ST
Exodus, EX
Urza's Saga, UZ
Urza's Legacy, GU
Urza's Destiny, CG
Mercadian Masques, MM
Nemesis, NE
Prophecy, PR
Invasion, IN
Planeshift, PS
Apocalypse, AP
Odyssey, OD
Torment, TOR
Judgment, JUD
Onslaught, ONS
Legions, LGN
Scourge, SCG
Mirrodin, MRD
Darksteel, DST
Fifth Dawn, 5DN
Champions of Kamigawa, CHK
Betrayers of Kamigawa, BOK
Saviors of Kamigawa, SOK
Ravnica: City of Guilds, RAV
Guildpact, GPT
Dissension, DIS
Time Spiral, TSP
Planar Chaos, PLC
Future Sight, FUT
Lorwyn, LRW
Morningtide, MOR
Shadowmoor, SHM
Eventide, EVE
Shards of Alara, ALA
Conflux, CON
Alara Reborn, ARB
Magic 2010, M10
Zendikar, ZEN
Worldwake, WWK
Rise of the Eldrazi, ROE
Scars of Mirrodin, SOM
Mirrodin Besieged, MBS
New Phyrexia, NPH
Innistrad, ISD
Dark Ascension, DKA
Avacyn Restored, AVR
Magic 2013, M13
Return to Ravnica, RTR
Gatecrash, GTC
Dragon's Maze, DGM
Magic 2014, M14
Theros, THS
Commander 2013, C13
Born of the Gods, BNG
Journey into Nyx, JOU
Magic 2015, M15
Khans of Tarkir, KTK
Fate Reforged, FRF
Dragons of Tarkir, DTK
Magic Origins, ORI
Battle for Zendikar, BFZ
